<?xml version="1.0" encoding="UTF-8" ?>
<packageManifest xmlns:xsi="http://www.w3.org/2001/XMLSchema-instance" xmlns="http://www.vignette.com/xmlschemas/importexport" xsi:schemaLocation="http://www.vignette.com/xmlschemas/importexport 8000/packageManifest.xsd">
<imports>
    <object id="c9be4db30212e310VgnVCM1000009ad0200aRCRD" /> <!-- /Sites/MinhaOi/Unassigned Content/Home/Cabecalho Principal -->
	<object id="38e44db30212e310VgnVCM1000009ad0200aRCRD" /> <!-- /Sites/MinhaOi/Unassigned Content/Home/Rodape Principal -->
	<object id="18bb92e0cfcfd310VgnVCM1000009ad0200aRCRD" /> <!-- /Sites/MinhaOi/Unassigned Content/Home/Detalhes Conta Fatura/Detalhes Fatura Oi Conta Total/Area Destaque/Cabecalho -->
	<object id="dfcb92e0cfcfd310VgnVCM1000009ad0200aRCRD" /> <!-- /Sites/MinhaOi/Unassigned Content/Home/Detalhes Conta Fatura/Detalhes Fatura Oi Conta Total/Area Destaque/Rodape -->
	<object id="373c92e0cfcfd310VgnVCM1000009ad0200aRCRD" /> <!-- /Sites/MinhaOi/Unassigned Content/Home/Detalhes Conta Fatura/Detalhes Fatura Oi Fixo/Area Destaque/Cabecalho -->
	<object id="e84c92e0cfcfd310VgnVCM1000009ad0200aRCRD" /> <!-- /Sites/MinhaOi/Unassigned Content/Home/Detalhes Conta Fatura/Detalhes Fatura Oi Fixo/Area Destaque/Rodape -->
	<object id="cf6c92e0cfcfd310VgnVCM1000009ad0200aRCRD" /> <!-- /Sites/MinhaOi/Unassigned Content/Home/Detalhes Conta Fatura/Detalhes Fatura Oi Internet/Area Destaque/Cabecalho -->
	<object id="de7c92e0cfcfd310VgnVCM1000009ad0200aRCRD" /> <!-- /Sites/MinhaOi/Unassigned Content/Home/Detalhes Conta Fatura/Detalhes Fatura Oi Internet/Area Destaque/Rodape -->
	<object id="7dfb92e0cfcfd310VgnVCM1000009ad0200aRCRD" /> <!-- /Sites/MinhaOi/Unassigned Content/Home/Detalhes Conta Fatura/Detalhes Fatura Oi Movel/Area Destaque/Cabecalho -->
	<object id="8c0c92e0cfcfd310VgnVCM1000009ad0200aRCRD" /> <!-- /Sites/MinhaOi/Unassigned Content/Home/Detalhes Conta Fatura/Detalhes Fatura Oi Movel/Area Destaque/Rodape -->
</imports>
</packageManifest>