<packageManifest xmlns:xsi="http://www.w3.org/2001/XMLSchema-instance" 
				xmlns="http://www.vignette.com/xmlschemas/importexport" 
				xsi:schemaLocation="http://www.vignette.com/xmlschemas/importexport 8100/packageManifest.xsd">
	<imports>
		<object id="ca5918220f065310VgnVCM1000000100007fSTFL"/>
	    <object id="821a50d10e0f4310VgnVCM1000000100007fSTFL"/>
		<object id="435e59b81d957310VgnVCM1000000100007fSTFL"/>
		<object id="1bcf5923d6e94310VgnVCM1000000100007fSTFL"/>
		<object id="6b5e59b81d957310VgnVCM1000000100007fSTFL"/>
		<object id="2f8c8c39db549210VgnVCM100000328c140aSTFL"/>
		<object id="5349a9877f9b8310VgnVCM1000000100007fSTFL"/>
		<object id="6c6e59b81d957310VgnVCM1000000100007fSTFL"/>
		<object id="0d6e59b81d957310VgnVCM1000000100007fSTFL"/>
		<object id="ad6e59b81d957310VgnVCM1000000100007fSTFL"/>
		<object id="11ec8c39db549210VgnVCM100000328c140aSTFL"/>
		<object id="ee6e59b81d957310VgnVCM1000000100007fSTFL"/>
	</imports>
</packageManifest>
