<?xml version="1.0" encoding="utf-8"?>

<!--
This file customizes and configures EditLive! for Java.
-->
<editlive>

    <!-- Default content for the editor -->
    <document>
        <html>
            <head>
        		<meta http-equiv="Content-Type" content="text/html; charset=UTF-8"/>
            </head>
            <body>
            </body>
        </html>
    </document>

    <!-- Add your Ephox-provided license key here -->
    <ephoxLicenses>
	    <license
	        accountID="B6E87175C456"
	        activationURL="http://www.ephox.com/elregister/el2/activate.asp"
	        domain="VIGNETTE"
	        expiration=""
	        forceActive="false"
	        key="0FFF-A45A-2E9F-0E69"
	        eqEditor="false"
	        productivityPack="false"
	        licensee="VIGNETTE"
	        product="EditLive for Java"
	        release="6.0"
	    />
    </ephoxLicenses>


	<!--
	Specify the location of the spell checker and thesaurus.

	If no spellcheck or thesaurus jars are specified, the location for these jars is automatically generated
	based on the specified DownloadDirectory load-time property and the user's locale.

	The spellCheck element also includes options to turn autocorrect and spell check as-you-type on
	-->
	<spellCheck useNotModified="true" startBackgroundChecking="true" startAutoCorrect="true"/>
	<!--
	<thesaurus jar="thesaurus/thes_am_6_0.jar" useNotModified="false"/>
	-->

   

    <!-- Specify HTML filter settings -->
	<htmlFilter
		outputXHTML="false"
		outputXML="false"
		xhtmlStrict="false"
		indentContent="false"
		logicalEmphasis="false"
		quoteMarks="false"
		uppercaseTags="false"
		uppercaseAttributes="false"
		wrapLength="0">
	</htmlFilter>
    
    <!-- Specify settings for the Design (WYSIWYG) view(s) of the editor. Set tabPlacement="off" to disable the tabs. -->
    <wysiwygEditor
    	tabPlacement="bottom"
    	brOnEnter="false"
    	showDocumentNavigator="false"
    	disableInlineImageResizing="false"
    	disableInlineTableResizing="false"
    	enableTrackChanges="false"
    >

       <!-- Define Custom Tags actions -->
       <!--
       <customTags>
          <doubleClickActions>
             <action.../>
          </doubleClickActions>
       </customTags>
       -->

       <!-- Define additional symbols for the symbol dialog here -->
       <!--
       <symbols></symbols>
       -->
    </wysiwygEditor>

    <!-- Specify settings for the Source (code) view of the editor -->
    <sourceEditor showBodyOnly="false"/>

	<!--
	Specify options for content that EditLive has detected has been pasted from Microsoft Word
	-->
	<wordImport styleOption="clean"/>

	<!--
	Specify options for content that EditLive has detected has been pasted from Microsoft Excel
	-->
	<excelImport styleOption="merge_inline_styles"/>
    

    <!-- Specify options for content that EditLive has detected has been pasted from another HTML document -->
    <htmlImport styleOption="merge_inline_styles"/>

	<!--
	Specify plugins to load
	 -->
	<plugins>
		<plugin name="autosave" />
		<plugin name="autolink" />
		<plugin name="insertHTML" />
			 <plugin name="rtfpaste"/>
			 <plugin name="setBackgroundMode"/>

		<!-- contains some Enterprise Edition features -->
		<plugin name="tableToolbar" />
		<plugin name="accessibility" />

		<!-- Enterprise Edition only
		<plugin name="imageEditor" />
		<plugin name="BrokenHyperlinkReport" />
		<plugin name="commenting" />
		<plugin name="templateBrowser" />
	-->

	</plugins>

	<!--
	Specify templates for the Template Browser plugin.
	 -->
	<templates>
		<!--
		<category name="Documents">
			<template name="Article" value="%3Ch1%3EArticle+Title%3C%2Fh1%3E++%3Cdiv+style%3D%22+width%3A+30%25%3B+float%3A+right%3B%22%3EInsert+image+here.%3C%2Fdiv%3E++%3Cp%3EInsert+article+text+here.%3C%2Fp%3E"/>
			<template name="Job Posting" value="%3Ch1%3EJob+Title%3C%2Fh1%3E++%3Cp%3EBrief+description+of+the+job.%3C%2Fp%3E++%3Ch2%3EResponsibilities%3C%2Fh2%3E++%3Cp%3EPrimary+responsibilities%3A%3C%2Fp%3E++%3Cul%3E+%3Cli%3EList+of+the+key+responsibilities+for+the+job.%3C%2Fli%3E+%3C%2Ful%3E++%3Ch2%3EExperience%3C%2Fh2%3E++%3Cp%3EThe+desired+candidate+will+have%3A%3C%2Fp%3E++%3Cul%3E+%3Cli%3EList+of+the+key+items+of+experience.%3C%2Fli%3E+%3C%2Ful%3E" />
			<template name="Press Release" value="%3Cp+style%3D%22text-align%3A+center%3B%22%3E%5BInsert+company+logo+here%5D%3C%2Fp%3E++%3Ctable+style%3D%22+width%3A+100%25%3B+border-collapse%3A+collapse%3B%22+cellpadding%3D%220%22+border%3D%220%22+cellspacing%3D%220%22%3E+%3Ctr%3E+%3Ctd+style%3D%22+width%3A+50%25%3B+vertical-align%3A+top%3B%22%3EContact%3A+%3Cbr+%2F%3E+Tel%3A+%3Cbr+%2F%3E+Email%3A+%3C%2Ftd%3E+%3Ctd+style%3D%22+text-align%3A+right%3B+width%3A+50%25%3B+vertical-align%3A+top%3B%22%3EFOR+IMMEDIATE+RELEASE%3C%2Ftd%3E+%3C%2Ftr%3E+%3C%2Ftable%3E++%3Ch2+style%3D%22+text-align%3A+center%3B%22%3EMAIN+TITLE+OF+PRESS+RELEASE%3C%2Fh2%3E++%3Ch4+style%3D%22+text-align%3A+center%3B%22%3ESubtitle+of+Press+Release%3C%2Fh4%3E++%3Cp+style%3D%22+text-align%3A+left%3B%22%3EInsert+body+of+press+release+here.%3C%2Fp%3E" />
			<template name="Product Landing Page" value="%3Cdiv+style%3D%22+text-align%3A+center%3B+width%3A+200%3B+height%3A+150%3B+padding%3A+4px+4px+0+4px%3B+border%3A+1px+solid+%23D4D4D4%3B+float%3A+left%3B%22%3E+%3Cp%3E%5BInsert+image+here.%5D%3C%2Fp%3E+%3C%2Fdiv%3E++%3Cdiv+style%3D%22+text-align%3A+center%3B+height%3A+150%3B%22%3E+%3Ch1%3EProduct+Name%3C%2Fh1%3E++%3Cp%3EShort+description+of+product%3C%2Fp%3E+%3C%2Fdiv%3E++%3Cp%3E%26%23160%3B%3C%2Fp%3E++%3Cdiv+style%3D%22+background-color%3A+%23f8f8f8%3B+padding%3A+5px%3B%22%3E+%3Ch3%3EProduct+Details%3C%2Fh3%3E++%3Cul%3E+%3Cli%3EProduct+Benefit+1%3C%2Fli%3E++%3Cli%3EProduct+Benefit+2%3C%2Fli%3E++%3Cli%3EProduct+Benefit+3%3C%2Fli%3E+%3C%2Ful%3E++%3Ch3%3EFeature+Comparison%3C%2Fh3%3E++%3Ctable+cellpadding%3D%220%22+border%3D%221%22+style%3D%22+width%3A+90%25%3B%22+cellspacing%3D%220%22%3E+%3Ctr+style%3D%22+background-color%3A+%23C7D1DE%3B%22%3E+%3Ctd+style%3D%22+width%3A+14%25%3B+background-color%3A+%23C7D1DE%3B%22%3E%26%23160%3B%3C%2Ftd%3E+%3Ctd+style%3D%22+text-align%3A+center%3B+width%3A+43%25%3B%22%3E%3Cstrong%3EYour+Product%3C%2Fstrong%3E%3C%2Ftd%3E+%3Ctd+style%3D%22+text-align%3A+center%3B+width%3A+43%25%3B%22%3E%3Cstrong%3EProduct+B%3C%2Fstrong%3E%3C%2Ftd%3E+%3C%2Ftr%3E++%3Ctr%3E+%3Ctd+style%3D%22+text-align%3A+right%3B+width%3A+14%25%3B+background-color%3A+%23C7D1DE%3B%22%3E%3Cstrong%3EFeature+A%3C%2Fstrong%3E%3C%2Ftd%3E+%3Ctd+style%3D%22+width%3A+43%25%3B%22%3E%26%23160%3B%3C%2Ftd%3E+%3Ctd+style%3D%22+width%3A+43%25%3B%22%3E%26%23160%3B%3C%2Ftd%3E+%3C%2Ftr%3E++%3Ctr%3E+%3Ctd+style%3D%22+text-align%3A+right%3B+width%3A+14%25%3B+background-color%3A+%23C7D1DE%3B%22%3E%3Cstrong%3EFeature+B%3C%2Fstrong%3E%3C%2Ftd%3E+%3Ctd+style%3D%22+width%3A+43%25%3B%22%3E%26%23160%3B%3C%2Ftd%3E+%3Ctd+style%3D%22+width%3A+43%25%3B%22%3E%26%23160%3B%3C%2Ftd%3E+%3C%2Ftr%3E+%3C%2Ftable%3E++%3Cp%3E%26%23160%3B%3C%2Fp%3E+%3C%2Fdiv%3E" />
			<template name="Requirements" value="%3Cdiv+style%3D%22+width%3A+200%3B+color%3A+%235E657B%3B+float%3A+right%3B%22%3E+%3Ch3+style%3D%22+padding%3A+5px%3B+margin%3A+0%3B+background-color%3A+%235E657B%3B+color%3A+%23FFFFFF%3B%22%3ETable+of+Contents%3C%2Fh3%3E++%3Cul%3E+%3Cli%3E%3Ca+href%3D%22%23Introduction%22%3EIntroduction%3C%2Fa%3E%3C%2Fli%3E++%3Cli%3E%3Ca+href%3D%22%23Methodology%22%3EMethodology%3C%2Fa%3E%3C%2Fli%3E++%3Cli%3E%3Ca+href%3D%22%23Requirements%22%3ERequirements%3C%2Fa%3E%3C%2Fli%3E+%3C%2Ful%3E+%3C%2Fdiv%3E++%3Ch3%3E%3Ca+id%3D%22Introduction%22%3EINTRODUCTION%3C%2Fa%3E%3C%2Fh3%3E++%3Cp%3EInsert+introduction+text+here.%3C%2Fp%3E++%3Ch3%3E%3Ca+id%3D%22Methodology%22%3EMETHODOLOGY%3C%2Fa%3E%3C%2Fh3%3E++%3Cp%3EInsert+methodology+text+here.%3C%2Fp%3E++%3Ch3%3E%3Ca+id%3D%22Requirements%22%3EREQUIREMENTS%3C%2Fa%3E%3C%2Fh3%3E++%3Cp%3EInsert+requirements+text+here.+This+will+wrap+underneath+the+table+of+contents+on+the+line+above.%3C%2Fp%3E" />
		</category>
		<category name="Fragments">
			<category name="Sections">
				<template name="Callout" value="%3Cdiv+style%3D%22font%3A+bold+1em+'Trebuchet+MS'%2C+Verdana%2C+Arial%2C+Helvetica%2C+sans-serif%3B+width%3A+200%3B+float%3A+right%3B+border%3A+2px+double+%23D4D4D4%3B+padding%3A+4px+4px+++0+4px%3B+text-align%3A+right%3B+color%3A+%235E657B%3B%22%3E+%3Cp+style%3D%22font-style%3A+italic%3B+text-align%3Acenter%3B%22%3EInsert+quote+here.%3C%2Fp%3E+%3Cp+style%3D%22font-size%3A.8em%3B%22%3E-+Insert+author+here%3C%2Fp%3E+%3C%2Fdiv%3E" />
				<template name="Fixed Width Div" value="%3Cdiv+style%3D%22+background-color%3A+%23FFFFCC%3B+width%3A+450px%3B+border%3A+1px+dotted+%230099FF%3B%22%3EReplace+fixed-width+div+text+here%3C%2Fdiv%3E" />
			</category>
			<category name="Tables">
				<template name="Column Headings" value="%3Ctable%20%20style%3D%22%20border-collapse%3A%20collapse%3B%20border%3A%201px%20solid%20%23000024%3B%22%20width%3D%22100%25%22%3E%0A%3Ctr%3E%0A%3Cth%20style%3D%22color%3A%20white%3B%20%20border%3A%201px%20solid%20%23D4D4D4%3B%20%20background-color%3A%20%23244872%3B%22%3E%20%26%23160%3B%3C%2Fth%3E%0A%3Cth%20style%3D%22color%3A%20white%3B%20%20border%3A%201px%20solid%20%23D4D4D4%3B%20%20background-color%3A%20%23244872%3B%22%3E%20%26%23160%3B%3C%2Fth%3E%0A%3Cth%20style%3D%22color%3A%20white%3B%20%20border%3A%201px%20solid%20%23D4D4D4%3B%20%20background-color%3A%20%23244872%3B%22%3E%20%26%23160%3B%3C%2Fth%3E%0A%3C%2Ftr%3E%0A%3Ctr%3E%0A%3Ctd%20style%3D%22border%3A%201px%20solid%20%23000024%3B%22%20%3E%20%26%23160%3B%3C%2Ftd%3E%0A%3Ctd%20style%3D%22border%3A%201px%20solid%20%23000024%3B%22%20%3E%20%26%23160%3B%3C%2Ftd%3E%0A%3Ctd%20style%3D%22border%3A%201px%20solid%20%23000024%3B%22%20%3E%20%26%23160%3B%3C%2Ftd%3E%0A%3C%2Ftr%3E%0A%3Ctr%3E%0A%3Ctd%20style%3D%22border%3A%201px%20solid%20%23000024%3B%22%20%3E%20%26%23160%3B%3C%2Ftd%3E%0A%3Ctd%20style%3D%22border%3A%201px%20solid%20%23000024%3B%22%20%3E%20%26%23160%3B%3C%2Ftd%3E%0A%3Ctd%20style%3D%22border%3A%201px%20solid%20%23000024%3B%22%20%3E%20%26%23160%3B%3C%2Ftd%3E%0A%3C%2Ftr%3E%0A%3Ctr%3E%0A%3Ctd%20style%3D%22border%3A%201px%20solid%20%23000024%3B%22%20%3E%20%26%23160%3B%3C%2Ftd%3E%0A%3Ctd%20style%3D%22border%3A%201px%20solid%20%23000024%3B%22%20%3E%20%26%23160%3B%3C%2Ftd%3E%0A%3Ctd%20style%3D%22border%3A%201px%20solid%20%23000024%3B%22%20%3E%20%26%23160%3B%3C%2Ftd%3E%0A%3C%2Ftr%3E%0A%3C%2Ftable%3E"/>
				<template name="Column and Row Headings" value="%3Ctable%20%20style%3D%22%20border-collapse%3A%20collapse%3B%20border%3A%201px%20solid%20%23000024%3B%22%20width%3D%22100%25%22%3E%0A%3Ctr%3E%0A%3Cth%20style%3D%22color%3A%20white%3B%20%20border%3A%201px%20solid%20%23D4D4D4%3B%20%20background-color%3A%20%23244872%3B%22%3E%20%26%23160%3B%3C%2Fth%3E%0A%3Cth%20style%3D%22color%3A%20white%3B%20%20border%3A%201px%20solid%20%23D4D4D4%3B%20%20background-color%3A%20%23244872%3B%22%3E%20%26%23160%3B%3C%2Fth%3E%0A%3Cth%20style%3D%22color%3A%20white%3B%20%20border%3A%201px%20solid%20%23D4D4D4%3B%20%20background-color%3A%20%23244872%3B%22%3E%20%26%23160%3B%3C%2Fth%3E%0A%3C%2Ftr%3E%0A%3Ctr%3E%0A%3Cth%20style%3D%22color%3A%20white%3B%20%20border%3A%201px%20solid%20%23D4D4D4%3B%20%20background-color%3A%20%23244872%3B%22%3E%20%26%23160%3B%3C%2Fth%3E%0A%3Ctd%20style%3D%22border%3A%201px%20solid%20%23000024%3B%22%20%3E%20%26%23160%3B%3C%2Ftd%3E%0A%3Ctd%20style%3D%22border%3A%201px%20solid%20%23000024%3B%22%20%3E%20%26%23160%3B%3C%2Ftd%3E%0A%3C%2Ftr%3E%0A%3Ctr%3E%0A%3Cth%20style%3D%22color%3A%20white%3B%20%20border%3A%201px%20solid%20%23D4D4D4%3B%20%20background-color%3A%20%23244872%3B%22%3E%20%26%23160%3B%3C%2Fth%3E%0A%3Ctd%20style%3D%22border%3A%201px%20solid%20%23000024%3B%22%20%3E%20%26%23160%3B%3C%2Ftd%3E%0A%3Ctd%20style%3D%22border%3A%201px%20solid%20%23000024%3B%22%20%3E%20%26%23160%3B%3C%2Ftd%3E%0A%3C%2Ftr%3E%0A%3Ctr%3E%0A%3Cth%20style%3D%22color%3A%20white%3B%20%20border%3A%201px%20solid%20%23D4D4D4%3B%20%20background-color%3A%20%23244872%3B%22%3E%20%26%23160%3B%3C%2Fth%3E%0A%3Ctd%20style%3D%22border%3A%201px%20solid%20%23000024%3B%22%20%3E%20%26%23160%3B%3C%2Ftd%3E%0A%3Ctd%20style%3D%22border%3A%201px%20solid%20%23000024%3B%22%20%3E%20%26%23160%3B%3C%2Ftd%3E%0A%3C%2Ftr%3E%0A%3C%2Ftable%3E"/>
				<template name="Row Headings" value="%3Ctable%20%20style%3D%22%20border-collapse%3A%20collapse%3B%20border%3A%201px%20solid%20%23000024%3B%22%20width%3D%22100%25%22%3E%0A%3Ctr%3E%0A%3Cth%20style%3D%22color%3A%20white%3B%20%20border%3A%201px%20solid%20%23D4D4D4%3B%20%20background-color%3A%20%23244872%3B%22%3E%20%26%23160%3B%3C%2Fth%3E%0A%3Ctd%20style%3D%22border%3A%201px%20solid%20%23000024%3B%22%20%3E%20%26%23160%3B%3C%2Ftd%3E%0A%3Ctd%20style%3D%22border%3A%201px%20solid%20%23000024%3B%22%20%3E%20%26%23160%3B%3C%2Ftd%3E%0A%3C%2Ftr%3E%0A%3Ctr%3E%0A%3Cth%20style%3D%22color%3A%20white%3B%20%20border%3A%201px%20solid%20%23D4D4D4%3B%20%20background-color%3A%20%23244872%3B%22%3E%20%26%23160%3B%3C%2Fth%3E%0A%3Ctd%20style%3D%22border%3A%201px%20solid%20%23000024%3B%22%20%3E%20%26%23160%3B%3C%2Ftd%3E%0A%3Ctd%20style%3D%22border%3A%201px%20solid%20%23000024%3B%22%20%3E%20%26%23160%3B%3C%2Ftd%3E%0A%3C%2Ftr%3E%0A%3Ctr%3E%0A%3Cth%20style%3D%22color%3A%20white%3B%20%20border%3A%201px%20solid%20%23D4D4D4%3B%20%20background-color%3A%20%23244872%3B%22%3E%20%26%23160%3B%3C%2Fth%3E%0A%3Ctd%20style%3D%22border%3A%201px%20solid%20%23000024%3B%22%20%3E%20%26%23160%3B%3C%2Ftd%3E%0A%3Ctd%20style%3D%22border%3A%201px%20solid%20%23000024%3B%22%20%3E%20%26%23160%3B%3C%2Ftd%3E%0A%3C%2Ftr%3E%0A%3Ctr%3E%0A%3Cth%20style%3D%22color%3A%20white%3B%20%20border%3A%201px%20solid%20%23D4D4D4%3B%20%20background-color%3A%20%23244872%3B%22%3E%20%26%23160%3B%3C%2Fth%3E%0A%3Ctd%20style%3D%22border%3A%201px%20solid%20%23000024%3B%22%20%3E%20%26%23160%3B%3C%2Ftd%3E%0A%3Ctd%20style%3D%22border%3A%201px%20solid%20%23000024%3B%22%20%3E%20%26%23160%3B%3C%2Ftd%3E%0A%3C%2Ftr%3E%0A%3C%2Ftable%3E"/>
			</category>
		</category>
		-->
	</templates>

	<!--
	Specify what accessibility checks are run in EditLive!
	-->
	<accessibilityChecks
		errors="true"
		warnings="true"
		manual="true"
		WCAG1="true"
		WCAG2="true"
		Section508="true"
		inlineAccessibility="false"
		emptyImageAlt="error"
		tableMappingIssues="warn"
	/>
	
    <mediaSettings>
        <!--
        Specify HTTP upload settings
            'base' is the base URL used to update the 'src' attributes of any local files in the HTML source
            'href' is your server-side script for handling multipart-formdata uploads from ELJ
            The httpUploadData element specifies any additional fields to post with the image data
        -->
	<!--
        <httpUpload
            base="http://www.yourserver.com/userfiles/"
            href="http://www.yourserver.com/scripts/upload.jsp">
            <httpUploadData name="hello" data="world"/>
        </httpUpload>
        -->

        <images allowLocalImages="false" allowUserSpecified="true">
            <!-- The list of images which appear in the Insert Image dialog. -->

            <imageList>
		<!--
                <image name="Ephox EditLive! for Java"
                    border="0"
                    description="Ephox EditLive! for Java Logo"
                    alt="Ephox EditLive! for Java Logo"
                    src="http://www.ephox.com/product/editliveforjava/demos/startcms/images/eljlogo.jpg"
                    title="Ephox EditLive! for Java" />
                -->
            </imageList>
        </images>
        <multimedia>
            <types>
                <type name="Macromedia Flash" type="application/x-shockwave-flash" extension="swf" allowCustomParams="true" urlParam="movie">
                    <param name="movie" />
                    <param name="quality" />
                    <param name="bgcolor" />
                </type>
                <type name="QuickTime Movie" type="video/quicktime" extension="mov" allowCustomParams="true">
                    <param name="autohref" />
                    <param name="autoplay" />
                    <param name="bgcolor" />
                    <param name="cache" />
                    <param name="controller" />
                    <param name="correction" />
                    <param name="dontflattenwhensaving" />
                    <param name="enablejavascript" />
                    <param name="endtime" />
                    <param name="fov" />
                    <param name="height" />
                    <param name="href" />
                    <param name="kioskmode" />
                    <param name="loop" />
                    <param name="movieid" />
                    <param name="moviename" />
                    <param name="node" />
                    <param name="pan" />
                    <param name="playeveryframe" />
                    <param name="qtsrcchokespeed" />
                    <param name="scale" />
                    <param name="starttime" />
                    <param name="target" />
                    <param name="targetcache" />
                    <param name="tilt" />
                    <param name="urlsubstitute" />
                    <param name="volume" />
                </type>
                <type name="Window Media" type="application/x-mplayer2" extension="asf" allowCustomParams="true" urlParam="fileName">
                    <param name="animationAtStart" />
                    <param name="autoStart" />
                    <param name="showControls" />
                    <param name="clickToPlay" />
                    <param name="transparentAtStart" />
                </type>
                <type name="Window Media (Streaming)" type="application/x-mplayer2" extension="asx" allowCustomParams="true" urlParam="fileName">
                    <param name="animationAtStart" />
                    <param name="autoStart" />
                    <param name="showControls" />
                    <param name="clickToPlay" />
                    <param name="transparentAtStart" />
                </type>
                <type name="WAV Audio" type="application/x-mplayer2" extension="wav" allowCustomParams="true" />
                <type name="MP3 Audio" type="application/x-mplayer2" extension="mp3" allowCustomParams="true" />
                <type name="AVI" type="application/x-mplayer2" extension="avi" allowCustomParams="true" />
            </types>
        </multimedia>
    </mediaSettings>


    <hyperlinks>

        <hyperlinkList>
            <!--
            <hyperlink href="http://www.vignette.com" description="Vignette Web site" />
            -->
        </hyperlinkList>

        <mailtoList>
            <!--
            <mailtolink href="mailto:info@vignette.com" description="Vignette information" />
            -->
        </mailtoList>

    </hyperlinks>

    <!--
    Customize the EditLive! menus

    Note: you must display some sort of Ephox copyright statement within your application, only
    remove the About menu (by setting showAboutMenu="false") if you have correctly attributed Ephox's
    copyright in the appropriate place(s) within your application.
    -->
    <menuBar showAboutMenu="true">

		<menu name="ephox_filemenu">
			<menuItem name="New"/>
			<menuItem name="Open"/>
			<menuSeparator/>
			<menuItem name="Save"/>
			<menuItem name="SaveAs"/>
			<menuItem name="RestoreAutosave"/>
			<menuSeparator/>
			<menuItem name="ImportWordDocument"/>
			<menuSeparator/>
			<menuItem name="Print"/>
		</menu>

		<menu name="ephox_editmenu">
			<menuItem name="Undo"/>
			<menuItem name="Redo"/>
			<menuSeparator/>
			<menuItem name="Cut"/>
			<menuItem name="Copy"/>
			<menuItem name="Paste"/>
			<menuItem name="PasteSpecial"/>
			<menuSeparator/>
			<menuItem name="Select"/>
			<menuItem name="SelectAll"/>
			<menuSeparator/>
			<menuItem name="Find"/>
			<menuSeparator/>
		</menu>

		<menu name="ephox_viewmenu">
			<menuItemGroup name="SourceView"/>
			<menuSeparator/>
			<menuItem name="Popout"/>
			<menuSeparator/>
			<menuItem name="showDocumentNavigator"/>
			<menuSeparator/>
			<menuItem name="ParagraphMarker"/>
		</menu>
       
        <menu name="ephox_insertmenu">
            <menuItem name="InsTable"/>
            <menuSeparator/>
            <!--menuItem name="HLink"/-->
			<customMenuItem
				name="editVCMLinkMenu"
				text="Edit/Insert Hyperlink..."
				imageURL="/vgn-wcm-up/common/images/wcmtags/link_edit.gif"
				action="raiseEvent"
				value="editVCMLink"/>
			<customMenuItem
				name="pageVCMLinkMenu"
				text="Link to Page..."
				imageURL="/vgn-wcm-up/common/images/wcmtags/page_link.gif"
				action="raiseEvent"
				value="pageVCMLink"/>
			<customMenuItem
				name="contentVCMLinkMenu"
				text="Link to Content..."
				imageURL="/vgn-wcm-up/common/images/wcmtags/content_link.gif"
				action="raiseEvent"
				value="contentVCMLink"/>
			<customMenuItem
				name="channelVCMLinkMenu"
				text="Link to Channel/Page..."
				imageURL="/vgn-wcm-up/common/images/wcmtags/channel_link.gif"
				action="raiseEvent"
				value="channelVCMLink"/>
			<customMenuItem
				name="fileVCMLinkMenu"
				text="Link to Downloadable File..."
				imageURL="/vgn-wcm-up/common/images/wcmtags/file_link.gif"
				action="raiseEvent"
				value="fileVCMLink"/>
			<customMenuItem
				name="bookmarkVCMLinkMenu"
				text="Link to Bookmark..."
				action="raiseEvent"
				value="bookmarkVCMLink"/>
			<customMenuItem
				name="urlVCMLinkMenu"
				text="Link to URL..."
				action="raiseEvent"
				value="urlVCMLink"/>
			<menuSeparator/>
			<menuItem name="RemoveHyperlink" />
			<menuSeparator/>
            <menuItem name="Bookmark"
				text="Insert Bookmark..."/>
			<menuSeparator/>
			<customMenuItem
				name="editVCMMediaMenu"
				text="Edit Image/Media..."
				imageURL="/vgn-wcm-up/common/images/wcmtags/media_edit.gif"
				action="raiseEvent"
				value="editVCMMedia"/>
			<customMenuItem
				name="selectVCMMediaMenu"
				text="Insert Image/Media..."
				imageURL="/vgn-wcm-up/common/images/wcmtags/media_insert.gif"
				action="raiseEvent"
				value="selectVCMMedia"/>
			<menuItem name="ImageServer"
				text="EditLive! Image Properties..."/>
            <!--menuItem name="InsertObject"/-->
            <menuSeparator/>
            <menuItem name="CreateSection"/>
            <menuItem name="RemoveSection"/>
            <menuSeparator/>
            <menuItem name="Symbol"/>
            <menuItem name="HRule"/>
            <menuSeparator/>
            <menuItem name="DateTime"/>
            <menuSeparator/>
            <menuItem name="insertcomment"/>
        </menu>

        <menu name="ephox_formatmenu">
            <submenu name="Style"/>
            <submenu name="Face"/>
            <submenu name="Size"/>
            <menuSeparator/>
            <menuItem name="Bold"/>
            <menuItem name="Italic"/>
            <menuItem name="Underline"/>
            <menuSeparator/>
            <menuItemGroup name="Align"/>
            <menuSeparator/>
            <menuItemGroup name="List"/>
            <menuItem name="DecreaseIndent"/>
            <menuItem name="IncreaseIndent"/>
            <menuItem name="PropList"/>
            <menuSeparator/>
            <menuItem name="HighlightColor"/>
            <menuItem name="Color"/>
            <menuSeparator/>
            <menuItemGroup name="Script"/>
            <menuItem name="Strike"/>
            <menuSeparator/>
            <menuItem name="RemoveFormatting"/>
            <menuItem name="FormatPainter"/>
        </menu>

        <menu name="ephox_toolsmenu">
            <menuItem name="Spelling"/>
            <menuItem name="BackgroundSpellChecking"/>
            <menuItem name="Autocorrect" />
            <menuItem name="thesaurus"/>
            <menuSeparator/>
            <menuItem name="Accessibility"/>
            <menuSeparator/>
            <menuItem name="WordCount"/>
        </menu>

        <menu name="ephox_tablemenu">
            <menuItem name="InsTable"/>
            <menuItem name="InsRowCol"/>
            <menuItem name="InsCell"/>
            <menuSeparator/>
            <menuItem name="DelRow"/>
            <menuItem name="DelCol"/>
            <menuItem name="DelCell"/>
            <menuSeparator/>
            <menuItem name="Split"/>
            <menuItem name="Merge"/>
            <menuItem name="tableautofit"/>
            <menuSeparator/>
            <menuItem name="PropCell"/>
            <menuItem name="PropRow"/>
            <menuItem name="PropCol"/>
            <menuItem name="PropTable"/>
            <menuSeparator/>
            <menuItem name="Gridlines"/>
        </menu>
        <menu name="ephox_formmenu">
	            <menuItem name="InsForm"/>
	            <menuSeparator/>
	            <menuItem name="InsTextField"/>
	            <menuItem name="InsPasswordField"/>
	            <menuItem name="InsHiddenField"/>
	            <menuItem name="InsFileField"/>
	            <menuItem name="InsButtonField"/>
	            <menuItem name="InsSubmitField"/>
	            <menuItem name="InsResetField"/>
	            <menuItem name="InsCheckboxField"/>
	            <menuItem name="InsRadioField"/>
	            <menuItem name="InsTextAreaField"/>
	            <menuItem name="InsSelectField"/>
	            <menuItem name="InsImageField"/>
        </menu>
	 <menu name="ephox_help">
	    <menuItem name="showHelp" />
	    <menuItem name="eljAboutELJ" />
	    <menuItem name="enableDebug" />
	 </menu>
    </menuBar>

    <!--
    Customize the EditLive! toolbars
    -->
    <toolbars>
        <toolbar name="Command">
            <toolbarButton name="New"/>
            <toolbarButton name="Open"/>
            <toolbarButton name="Save"/>
            <toolbarSeparator/>
            <toolbarButton name="Print"/>
            <toolbarSeparator/>
            <toolbarButton name="Spelling"/>
            <toolbarButton name="BackgroundSpellChecking"/>
            <toolbarButton name="Find"/>
            <toolbarSeparator/>
            <toolbarButton name="Cut"/>
            <toolbarButton name="Copy"/>
            <toolbarButton name="Paste"/>
            <toolbarButton name="FormatPainter" />
            <toolbarSeparator/>
            <toolbarButton name="Undo"/>
            <toolbarButton name="Redo"/>
            <toolbarSeparator/>
            <!--toolbarButton name="HLink"/-->
            <!--toolbarButton name="ImageServer"/-->
			<customToolbarButton
				name="editVCMLink"
				text="Edit link properties, or add a new link"
				imageURL="/vgn-wcm-up/common/images/wcmtags/link_edit.gif"
				action="raiseEvent"
				value="editVCMLink"/>
			<customToolbarButton
				name="pageVCMLink"
				text="Link to a page by browsing in the web site"
				imageURL="/vgn-wcm-up/common/images/wcmtags/page_link.gif"
				action="raiseEvent"
				value="pageVCMLink"/>
			<customToolbarButton
				name="contentVCMLink"
				text="Link to a content item"
				imageURL="/vgn-wcm-up/common/images/wcmtags/content_link.gif"
				action="raiseEvent"
				value="contentVCMLink"/>
			<customToolbarButton
				name="channelVCMLink"
				text="Link to a channel/page"
				imageURL="/vgn-wcm-up/common/images/wcmtags/channel_link.gif"
				action="raiseEvent"
				value="channelVCMLink"/>
			<customToolbarButton
				name="fileVCMLink"
				text="Link to a downloadable file"
				imageURL="/vgn-wcm-up/common/images/wcmtags/file_link.gif"
				action="raiseEvent"
				value="fileVCMLink"/>
			<toolbarSeparator/>
			<customToolbarButton
				name="editVCMMedia"
				text="Edit an image or media item's settings"
				imageURL="/vgn-wcm-up/common/images/wcmtags/media_edit.gif"
				action="raiseEvent"
				value="editVCMMedia"/>
			<customToolbarButton
				name="selectVCMMedia"
				text="Insert an image or media item"
				imageURL="/vgn-wcm-up/common/images/wcmtags/media_insert.gif"
				action="raiseEvent"
				value="selectVCMMedia"/>
			<toolbarSeparator/>
			<toolbarButton name="insertequation"/>
            <toolbarSeparator/>
            <toolbarButton name="InsTableWizard"/>
            <toolbarButton name="InsRow"/>
            <toolbarButton name="InsCol"/>
            <toolbarButton name="DelRow"/>
            <toolbarButton name="DelCol"/>
            <toolbarButton name="Split"/>
            <toolbarButton name="Merge"/>
            <toolbarButton name="Gridlines"/>
            <toolbarButton name="HRule"/>
            <toolbarSeparator/>
            <toolbarButton name="ParagraphMarker"/>
            <toolbarSeparator/>
            <toolbarButton name="Popout"/>
        </toolbar>

        <toolbar name="Format">
            <!--
            Styles from any embeddedd or external stylesheets will also be automatically added to the Styles drop-down
            -->
            <toolbarComboBox name="Style">
                <comboBoxItem name="P"/>
                <comboBoxItem name="H1"/>
                <comboBoxItem name="H2"/>
                <comboBoxItem name="H3"/>
                <comboBoxItem name="H4"/>
                <comboBoxItem name="H5"/>
                <comboBoxItem name="H6"/>
            </toolbarComboBox>
            <!--
            You can remove the Font drop-down if you just want users to use Styles.
            The following fonts are part of the Microsoft Core Web Fonts and are available on at least Mac OS X and Windows
            To change the default font, change the embedded style sheet in the 'style' element above.
            -->
            <toolbarComboBox name="Face">
                <comboBoxItem name="Arial" text="Arial"/>
                <comboBoxItem name="Arial Black" text="Arial Black"/>
                <comboBoxItem name="Arial Narrow" text="Arial Narrow"/>
                <comboBoxItem name="Comic Sans MS" text="Comic Sans MS"/>
                <comboBoxItem name="Courier New" text="Courier New"/>
                <comboBoxItem name="Georgia" text="Georgia"/>
                <comboBoxItem name="Impact" text="Impact"/>
                <comboBoxItem name="Times New Roman" text="Times New Roman"/>
                <comboBoxItem name="Trebuchet MS" text="Trebuchet MS"/>
                <comboBoxItem name="Verdana" text="Verdana"/>
            </toolbarComboBox>
            <!--
            Font Size drop-down
            -->
            <toolbarComboBox name="Size">
                <comboBoxItem name="1" text="7pt"/>
                <comboBoxItem name="2" text="8pt"/>
                <comboBoxItem name="3" text="10pt"/>
                <comboBoxItem name="4" text="12pt"/>
                <comboBoxItem name="5" text="14pt"/>
                <comboBoxItem name="6" text="18pt"/>
                <comboBoxItem name="7" text="24pt"/>
            </toolbarComboBox>
            <toolbarSeparator/>
            <toolbarButton name="Bold"/>
            <toolbarButton name="Italic"/>
            <toolbarButton name="Underline"/>
            <toolbarSeparator/>
            <toolbarButtonGroup name="Align"/>
            <toolbarSeparator/>
            <toolbarButtonGroup name="List"/>
            <toolbarButton name="DecreaseIndent"/>
            <toolbarButton name="IncreaseIndent"/>
            <toolbarSeparator/>
            <toolbarButton name="HighlightColor"/>
            <toolbarButton name="Color"/>
        </toolbar>
    </toolbars>


	<!--  Note: Inline toolbars are currently only supported on img and table elements. -->
	<inlineToolbars>
		<!--  Inline Image toolbar is an Enterprise Edition Feature
		<inlineToolbar name="img">
			<toolbarButton name="rotateCCW"/>
			<toolbarButton name="rotateCW"/>
			<toolbarSeparator />
			<toolbarButton name="flipVertical"/>
			<toolbarButton name="flipHorizontal"/>
			<toolbarSeparator />
			<toolbarButton name="reflect"/>
			<toolbarButton name="dropShadow"/>
			<toolbarButton name="roundedCorners"/>
			<toolbarSeparator />
			<toolbarButton name="crop"/>
		</inlineToolbar>
	-->

		<inlineToolbar name="table">
			<toolbarButton name="InsRow"/>
			<toolbarButton name="InsCol"/>
			<toolbarButton name="DelRow"/>
			<toolbarButton name="DelCol"/>
			   <toolbarSeparator />
			<toolbarButton name="Split"/>
			<toolbarButton name="Merge"/>
			<toolbarSeparator />
			<toolbarButton name="tableautofit"/>
			<toolbarButton name="percentageTableSizing" />
			<toolbarButton name="pixelTableSizing" />

			<!--  Enterprise Edition Features
			<toolbarSeparator />
			<toolbarButton name="ApplyCellHeaders"/>
			<toolbarButton name="ClearCellHeaders"/>
			<toolbarButton name="TableHeaderMappings"/>
			<toolbarSeparator />
		-->
			<toolbarButton name="Gridlines"/>

		</inlineToolbar>
	</inlineToolbars>
	

	<!--
    Customize the EditLive! shortcut menu
    -->
    <shortcutMenu>
        <shrtMenu>
            <shrtMenuItem name="Undo"/>
            <shrtMenuItem name="Redo"/>
            <shrtMenuSeparator/>
            <shrtMenuItem name="Cut"/>
            <shrtMenuItem name="Copy"/>
            <shrtMenuItem name="Paste"/>
            <shrtMenuSeparator/>
            <shrtMenuItem name="Select"/>
            <shrtMenuSeparator/>
            <shrtMenuItem name="acceptChange"/>
            <shrtMenuItem name="rejectChange"/>
            <shrtMenuItem name="nextchange"/>
            <shrtMenuItem name="previouschange"/>
            <shrtMenuSeparator/>
            <!--shrtMenuItem name="Hyperlink"/-->
			<shrtMenuItem
				name="Hyperlink"
				text="Edit Hyperlink..."
				action="raiseEvent"
				enableintag="a"
				value="editVCMLink"/>
            <shrtMenuItem name="RemoveHyperlink"/>
			<shrtMenuSeparator/>
			<shrtMenuItem name="PropImage"/>
			<!--shrtMenuItem
				name="WCMPropImage"
				text="Edit Image/Media Settings..."
				action="raiseEvent"
				enableintag="img"
				value="editVCMMedia"/-->
			<shrtMenuItem name="PropObject"/>
            <shrtMenuItem name="PropList"/>
            <shrtMenuItem name="PropHR"/>
            <shrtMenuItem name="PropSection"/>
            <shrtMenuSeparator/>
            <shrtMenuItem name="Split"/>
            <shrtMenuItem name="Merge"/>
            <shrtMenuItem name="tableautofit"/>
            <shrtMenuSeparator/>
            <shrtMenuItem name="PropTable"/>
            <shrtMenuItem name="PropRow"/>
            <shrtMenuItem name="PropCol"/>
            <shrtMenuItem name="PropCell"/>
            <shrtMenuSeparator/>
	    	<shrtMenuItem name="synonyms"/>
            <shrtMenuItem name="EditTag"/>
        </shrtMenu>
    </shortcutMenu>
</editlive>
