<?xml version="1.0" encoding="UTF-8"?>

<weblogic-web-app
  xmlns="http://www.bea.com/ns/weblogic/90"
  xmlns:j2ee="http://java.sun.com/xml/ns/j2ee"
  xmlns:xsi="http://www.w3.org/2001/XMLSchema-instance"
  xsi:schemaLocation="http://java.sun.com/xml/ns/j2ee http://java.sun.com/xml/ns/j2ee/web-app_2_4.xsd http://www.bea.com/ns/weblogic/90 http://www.bea.com/ns/weblogic/920/weblogic-web-app.xsd"> 
    <context-root>vgn-ext-templating</context-root>

    <jsp-descriptor>
        <page-check-seconds>5</page-check-seconds>
        <keepgenerated>true</keepgenerated>
        <verbose>true</verbose>
    </jsp-descriptor>
	   
 <container-descriptor>
        <prefer-web-inf-classes>true</prefer-web-inf-classes>
        <optimistic-serialization>true</optimistic-serialization>
    </container-descriptor>

	<charset-params>
        <input-charset>
            <resource-path>/*</resource-path>
            <java-charset-name>UTF-8</java-charset-name>
        </input-charset>
    </charset-params>
</weblogic-web-app>
