<?xml version="1.0" encoding="ISO-8859-1"?>

<!DOCTYPE jboss-web
    PUBLIC "-//JBoss//DTD Web Application 2.3V2//EN"
    "http://www.jboss.org/j2ee/dtd/jboss-web_3_2.dtd">

<jboss-web>
    <replication-config>
        <replication-trigger>SET</replication-trigger>
        <replication-granularity>SESSION</replication-granularity>
    </replication-config>

<!-- HPD Only. Uncomment if this webapp is the page generator for an HPD-enabled configuration.-->
	<!-- ###BEGIN HPD Comment Block###
    <resource-ref>
        <res-ref-name>jdbc/hpdDataSource</res-ref-name>
        <jndi-name>java:/jdbc/hpdDataSource</jndi-name>
    </resource-ref>
	###END HPD Comment Block### -->


</jboss-web>
