<?xml version="1.0" encoding="UTF-8" ?>
<configuration>

	<!-- Insert the current time formatted as "yyyyMMdd'T'HHmmss" under the 
		key "bySecond" into the logger context. This value will be available to all 
		subsequent configuration elements. -->
	<timestamp key="bySecond" datePattern="yyyyMMddHHmmss" />

	<appender name="FILE"
		class="ch.qos.logback.core.rolling.RollingFileAppender">
		<!-- TODO - define the log path -->
		<file>/appl/applications/logs/dpm/partnersBank.log
		</file>

		<rollingPolicy class="ch.qos.logback.core.rolling.TimeBasedRollingPolicy">
			<fileNamePattern>/appl/applications/logs/dpm/partnersBank.%d{yyyyMMdd}.%i.log
			</fileNamePattern>
			<timeBasedFileNamingAndTriggeringPolicy
				class="ch.qos.logback.core.rolling.SizeAndTimeBasedFNATP">
				<maxFileSize>50MB</maxFileSize>
			</timeBasedFileNamingAndTriggeringPolicy>
		</rollingPolicy>
		
		<!-- encoders are assigned the type ch.qos.logback.classic.encoder.PatternLayoutEncoder 
			by default -->
		<encoder>
			<pattern>[%d] [%-5level] [%thread] %class.%method\(\) \(%F:%line\)
				%n%msg%n----------------------------------------------------------------------------------------------------------------%n
			</pattern>
		</encoder>
	</appender>

	<logger name="com.accenture.pmoney" level="INFO" >
		<appender-ref ref="FILE" />
	</logger>

</configuration>