<?xml version="1.0" encoding="UTF-8"?>
<beans xmlns="http://www.springframework.org/schema/beans"
       xmlns:xsi="http://www.w3.org/2001/XMLSchema-instance"
       xsi:schemaLocation="
           http://www.springframework.org/schema/beans
           http://www.springframework.org/schema/beans/spring-beans-3.0.xsd">
           
   	<!-- ===========================  PropertyPlaceholderConfigurer ========================== -->

	<bean class="org.springframework.beans.factory.config.PropertyPlaceholderConfigurer">
		<property name="systemPropertiesModeName" value="SYSTEM_PROPERTIES_MODE_OVERRIDE"/>
		<property name="fileEncoding" value="UTF-8"></property>
	</bean>
	
	<!-- ===========================  ResourceBundleMessageSource ========================== -->
	
	<bean id="messageSource" class="org.springframework.context.support.ReloadableResourceBundleMessageSource">
		<property name="basenames">
            <list>
            	<value>file:${pmoney.configDir}/message</value>
            </list>
        </property>
        <property name="defaultEncoding" value="UTF-8"/>
	</bean>
	
	<!-- ===========================  Bank Mapping Configuration ========================== -->
	
	<import resource="file:${pmoney.configDir}/pmoney-bank-mapping.xml"/>
	
</beans>