<?xml version="1.0" encoding="UTF-8"?>
<ehcache xmlns:xsi="http://www.w3.org/2001/XMLSchema-instance"
    xsi:noNamespaceSchemaLocation="http://ehcache.org/ehcache.xsd" updateCheck="true">

    <diskStore path="java.io.tmpdir/portal-cache" />
	
    <defaultCache eternal="false" maxElementsInMemory="1000"
        overflowToDisk="true" diskPersistent="true" timeToIdleSeconds="0" statistics="true"
        timeToLiveSeconds="600" memoryStoreEvictionPolicy="LRU"/>

	<!-- TTL of 1 hour -->
    <cache name="generalCache" eternal="false"
        maxElementsInMemory="10000" overflowToDisk="true" diskPersistent="false"
        timeToIdleSeconds="0" timeToLiveSeconds="4000" statistics="true"  
        memoryStoreEvictionPolicy="LRU" />
                
	<!-- TTL of 1 hour -->
    <cache name="configCache" eternal="false"
        maxElementsInMemory="1000" overflowToDisk="false" diskPersistent="false"
        timeToIdleSeconds="0" timeToLiveSeconds="4000" statistics="true"
        memoryStoreEvictionPolicy="LRU" />

	<!-- TTL of 1 hour -->
    <cache name="ipcCache" eternal="false"
        maxElementsInMemory="1000" overflowToDisk="false" diskPersistent="false"
        timeToIdleSeconds="0" timeToLiveSeconds="4000" statistics="true"
        memoryStoreEvictionPolicy="LRU" />

	<!-- TTL of 1 hour -->
    <cache name="portalOneHourCache" eternal="false"
        maxElementsInMemory="10000" overflowToDisk="true" diskPersistent="false"
        timeToIdleSeconds="0" timeToLiveSeconds="4000" statistics="true"
        memoryStoreEvictionPolicy="LRU" />
        
	<!-- TTL of 1/2 day -->
    <cache name="portalHalfDayCache" eternal="false"
        maxElementsInMemory="10000" overflowToDisk="true" diskPersistent="false"
        timeToIdleSeconds="0" timeToLiveSeconds="43200" statistics="true"
        memoryStoreEvictionPolicy="LRU" />

	<!-- TTL of 1 day -->
    <cache name="portalOneDayCache" eternal="false"
        maxElementsInMemory="10000" overflowToDisk="true" diskPersistent="false"
        timeToIdleSeconds="0" timeToLiveSeconds="86400" statistics="true"
        memoryStoreEvictionPolicy="LRU" />

	<!-- TTL of 7 days -->
    <cache name="portalOneWeekCache" eternal="false"
        maxElementsInMemory="10000" overflowToDisk="true" diskPersistent="false"
        timeToIdleSeconds="0" timeToLiveSeconds="604800" statistics="true"
        memoryStoreEvictionPolicy="LRU" />
        
    <!-- TTL of 7 days -->
    <cache name="oneMonthCache" eternal="false"
        maxElementsInMemory="10000" overflowToDisk="true" diskPersistent="false"
        timeToIdleSeconds="0" timeToLiveSeconds="2592000" statistics="true"
        memoryStoreEvictionPolicy="LRU" />              

</ehcache>