<configuration scan="true" scanPeriod="30 seconds">

	<appender name="STDOUT" class="ch.qos.logback.core.ConsoleAppender">
		<encoder>
			<pattern>%d{HH:mm:ss.SSS} [%thread] %-5level %logger{36} - %msg%n</pattern>
		</encoder>
	</appender>
	
    <!--Daily rolling file appender -->
	<appender name="FILE" class="ch.qos.logback.core.rolling.RollingFileAppender">
		<File>/appl/logs/DPM/contmgmt-vgn-ext-templating.log</File>
		<rollingPolicy class="ch.qos.logback.core.rolling.TimeBasedRollingPolicy">
			<FileNamePattern>/appl/logs/DPM/contmgmt-vgn-ext-templating.%d{yyyy-MM-dd}.log</FileNamePattern>
			<timeBasedFileNamingAndTriggeringPolicy class="ch.qos.logback.core.rolling.SizeAndTimeBasedFNATP">
            			<maxFileSize>10MB</maxFileSize>
            		</timeBasedFileNamingAndTriggeringPolicy>
		</rollingPolicy>
 
		<layout class="ch.qos.logback.classic.PatternLayout">
			<Pattern>%d{HH:mm:ss.SSS} [%thread] %-5level %logger{36} - %msg%n</Pattern>
		</layout>
	</appender> 
 
	<logger name="com.accenture">
		<level value="debug" />
	</logger>
	
	<root level="trace">	
		<appender-ref ref="FILE" />
	</root>
 
   
</configuration>