<?xml version="1.0" encoding="UTF-8"?>
<beans xmlns="http://www.springframework.org/schema/beans"
	xmlns:xsi="http://www.w3.org/2001/XMLSchema-instance" 
	xmlns:aop="http://www.springframework.org/schema/aop"
	xmlns:context="http://www.springframework.org/schema/context"
	xmlns:tx="http://www.springframework.org/schema/tx"
	xmlns:ehcache="http://ehcache-spring-annotations.googlecode.com/svn/schema/ehcache-spring"
	xsi:schemaLocation="http://www.springframework.org/schema/beans
						http://www.springframework.org/schema/beans/spring-beans-2.5.xsd
						http://www.springframework.org/schema/aop
						http://www.springframework.org/schema/aop/spring-aop-2.5.xsd
						http://www.springframework.org/schema/tx
						http://www.springframework.org/schema/tx/spring-tx-2.5.xsd
						http://www.springframework.org/schema/context
						http://www.springframework.org/schema/context/spring-context-2.5.xsd
						http://ehcache-spring-annotations.googlecode.com/svn/schema/ehcache-spring
						http://ehcache-spring-annotations.googlecode.com/svn/schema/ehcache-spring/ehcache-spring-1.1.xsd">

	<!-- CookieService -->
	<bean id="cookieService"
		class="com.accenture.pweb.common.service.impl.CookieServiceImpl" />

	<!-- PersonalizationCookieService -->
	<bean id="personalizationCookieService"
		class="com.accenture.pweb.common.service.impl.PersonalizationCookieServiceImpl">
		<property name="cookieService" ref="cookieService" />
	</bean>
	
	<context:annotation-config/>
	<context:component-scan base-package="com.accenture.tim.geoip.service.impl" />
	<context:component-scan base-package="com.accenture.pweb.common.service.impl" />
	<context:component-scan base-package="com.accenture.pweb.common.service.dao.impl" />

	<bean id="ehCacheManager"
		class="org.springframework.cache.ehcache.EhCacheManagerFactoryBean">
		<property name="configLocation" value="classpath:/ehcache.xml" />
		<property name="shared" value="true" />
	</bean>

	<ehcache:annotation-driven cache-manager="ehCacheManager"/>

</beans>