<?xml version="1.0" encoding="UTF-8"?>
<beans xmlns="http://www.springframework.org/schema/beans"
	xmlns:xsi="http://www.w3.org/2001/XMLSchema-instance"
	xmlns:util="http://www.springframework.org/schema/util"
	xmlns:aop="http://www.springframework.org/schema/aop"
	xmlns:tx="http://www.springframework.org/schema/tx"
	xsi:schemaLocation="
        http://www.springframework.org/schema/beans
            http://www.springframework.org/schema/beans/spring-beans-2.0.xsd
        http://www.springframework.org/schema/aop
            http://www.springframework.org/schema/aop/spring-aop-2.0.xsd
        http://www.springframework.org/schema/tx
            http://www.springframework.org/schema/tx/spring-tx-2.0.xsd
        http://www.springframework.org/schema/util http://www.springframework.org/schema/util/spring-util-2.0.xsd">


	
	<bean
		class="org.springframework.beans.factory.config.PropertyPlaceholderConfigurer">
		<property name="location" value="classpath:/dpm.properties"></property>
	</bean>

	<!-- LinkBuilder -->
	<bean id="pwebLinkBuilder"
		  class="com.accenture.pweb.common.dpm.util.helper.impl.PwebLinkBuilderImpl">
		  
		<constructor-arg index="0">
			<value>openPopup({0}, {1}, {2}, {3}, {4}, {5}, {6}, {7}, {8}, {9}, {10}, {11}, {12})</value>
		</constructor-arg>
		<constructor-arg index="1">
			<value>static-files-path</value>
		</constructor-arg>
	</bean>
	
	<bean id="personalizationUtil"
		class="com.accenture.pweb.vcm.frontend.domain.content.helper.PersonalizationUtil" />

	<bean id="vcmJDBCTemplate" class="org.springframework.jdbc.core.simple.SimpleJdbcTemplate">
		<constructor-arg ref="vcmDatasource" />
	</bean>

	<bean id="vcmDatasource" lazy-init="true"
		class="org.springframework.jndi.JndiObjectFactoryBean">
		<property name="jndiName">
			<value>vignette.jdbc.VgnContentNonTxDataSource</value>
		</property>
	</bean>
	
	<bean id="appJDBCTemplate" class="org.springframework.jdbc.core.simple.SimpleJdbcTemplate">
		<constructor-arg ref="appDatasource" />
	</bean>
	
	<bean id="appDatasource" lazy-init="true" class="org.springframework.jndi.JndiObjectFactoryBean"> 
		<property name="jndiName"> 
			<value>${pweb.vap.datasource.jndi}</value> 
		</property> 
	</bean> 


</beans>